interval_width,algorithm,replication_number,interval_start,interval_end,duration
10000,sieve_of_eratosthenes,-1,58992,68992,0.009001970291137695
10000,naive_algorithm,-1,840951,850951,0.06302547454833984
1000,sieve_of_eratosthenes,-1,494891,495891,0.06994891166687012
1000,sieve_of_eratosthenes,-1,254492,255492,0.031035900115966797
1000,sieve_of_sundaram,-1,420819,421819,0.17999768257141113
100,naive_algorithm,-1,316499,316599,0.0
10,sieve_of_eratosthenes,-1,648334,648344,0.07900094985961914
1000,sieve_of_sundaram,-1,853516,854516,0.37799978256225586
10,sieve_of_eratosthenes,-1,157134,157144,0.018004894256591797
1000,sieve_of_sundaram,-1,752912,753912,0.3399972915649414
10,naive_algorithm,-1,793382,793392,0.0
100,sieve_of_sundaram,-1,540298,540398,0.23200178146362305
100,naive_algorithm,-1,232120,232220,0.0009958744049072266
100,naive_algorithm,-1,349227,349327,0.0
1000,sieve_of_sundaram,-1,533908,534908,0.22996735572814941
10000,sieve_of_sundaram,-1,104774,114774,0.04302835464477539
100,naive_algorithm,-1,815397,815497,0.001001596450805664
10000,naive_algorithm,-1,620483,630483,0.04700112342834473
10000,sieve_of_eratosthenes,-1,443435,453435,0.0559999942779541
10,sieve_of_eratosthenes,-1,39171,39181,0.003998756408691406
10000,sieve_of_eratosthenes,-1,961217,971217,0.1309671401977539
100,naive_algorithm,-1,283427,283527,0.0010001659393310547
10000,naive_algorithm,-1,841356,851356,0.05503273010253906
100,sieve_of_sundaram,-1,53454,53554,0.019004344940185547
10000,sieve_of_eratosthenes,-1,613335,623335,0.07793784141540527
100,naive_algorithm,-1,668794,668894,0.0
100,naive_algorithm,-1,603678,603778,0.0010364055633544922
10000,naive_algorithm,-1,459768,469768,0.041991472244262695
10000,sieve_of_eratosthenes,-1,773610,783610,0.10399937629699707
10000,sieve_of_sundaram,-1,843913,853913,0.3740060329437256
10000,sieve_of_sundaram,-1,870827,880827,0.39100074768066406
1000,sieve_of_eratosthenes,-1,14097,15097,0.0019986629486083984
1000,sieve_of_sundaram,-1,225034,226034,0.0879673957824707
100,naive_algorithm,-1,743990,744090,0.0010023117065429688
10000,sieve_of_eratosthenes,-1,469790,479790,0.060024261474609375
1000,sieve_of_eratosthenes,-1,550024,551024,0.06800627708435059
100,sieve_of_eratosthenes,-1,731910,732010,0.0939643383026123
100,sieve_of_sundaram,-1,317789,317889,0.12703371047973633
10,sieve_of_eratosthenes,-1,433003,433013,0.06396675109863281
10,naive_algorithm,-1,887653,887663,0.0010004043579101562
100,sieve_of_eratosthenes,-1,649729,649829,0.10100126266479492
10000,naive_algorithm,-1,618651,628651,0.05099844932556152
100,sieve_of_eratosthenes,-1,706064,706164,0.09799909591674805
10,naive_algorithm,-1,5126,5136,0.0
1000,naive_algorithm,-1,829775,830775,0.00599980354309082
1000,sieve_of_sundaram,-1,132513,133513,0.051479339599609375
10,sieve_of_sundaram,-1,911415,911425,0.41803765296936035
10000,sieve_of_sundaram,-1,31876,41876,0.013962268829345703
100,sieve_of_eratosthenes,-1,917461,917561,0.12003850936889648
1000,sieve_of_eratosthenes,-1,309155,310155,0.035993099212646484
10000,sieve_of_sundaram,-1,42150,52150,0.018038034439086914
10000,naive_algorithm,-1,151187,161187,0.02599930763244629
10000,sieve_of_eratosthenes,-1,246409,256409,0.02896404266357422
10,naive_algorithm,-1,560469,560479,0.0
10000,sieve_of_sundaram,-1,438608,448608,0.19803380966186523
100,sieve_of_sundaram,-1,28229,28329,0.009998559951782227
1000,sieve_of_eratosthenes,-1,215378,216378,0.026999950408935547
10000,sieve_of_eratosthenes,-1,751765,761765,0.09496617317199707
10,sieve_of_sundaram,-1,554159,554169,0.23900151252746582
10000,sieve_of_eratosthenes,-1,710620,720620,0.09399914741516113
10000,naive_algorithm,-1,134549,144549,0.026036739349365234
1000,naive_algorithm,-1,176263,177263,0.002994060516357422
100,sieve_of_eratosthenes,-1,16182,16282,0.002002716064453125
100,sieve_of_eratosthenes,-1,667320,667420,0.08350849151611328
100,naive_algorithm,-1,215465,215565,0.00099945068359375
10000,sieve_of_eratosthenes,-1,665815,675815,0.08900713920593262
10,sieve_of_eratosthenes,-1,505157,505167,0.06500005722045898
10000,naive_algorithm,-1,125385,135385,0.024994611740112305
100,sieve_of_eratosthenes,-1,866264,866364,0.11097121238708496
10,sieve_of_eratosthenes,-1,531618,531628,0.07700014114379883
1000,sieve_of_eratosthenes,-1,105647,106647,0.01199960708618164
100,naive_algorithm,-1,148352,148452,0.0
10,sieve_of_sundaram,-1,599154,599164,0.26003551483154297
10000,naive_algorithm,-1,970637,980637,0.05996298789978027
100,sieve_of_sundaram,-1,708899,708999,0.32402920722961426
10,naive_algorithm,-1,843222,843232,0.0
100,sieve_of_eratosthenes,-1,551271,551371,0.07400655746459961
10,naive_algorithm,-1,537797,537807,0.0
10000,naive_algorithm,-1,5889,15889,0.011998653411865234
10000,naive_algorithm,-1,238187,248187,0.03300309181213379
10,sieve_of_eratosthenes,-1,103493,103503,0.01199793815612793
1000,sieve_of_eratosthenes,-1,724830,725830,0.09199881553649902
100,sieve_of_sundaram,-1,53609,53709,0.017968177795410156
100,naive_algorithm,-1,141746,141846,0.0
10,sieve_of_sundaram,-1,428552,428562,0.1810319423675537
1000,sieve_of_sundaram,-1,548047,549047,0.23699641227722168
1000,naive_algorithm,-1,706975,707975,0.004994392395019531
10000,sieve_of_eratosthenes,-1,184490,194490,0.023008108139038086
1000,naive_algorithm,-1,469931,470931,0.003988742828369141
1000,sieve_of_sundaram,-1,983869,984869,0.4409773349761963
10000,naive_algorithm,-1,708141,718141,0.049036264419555664
1000,sieve_of_sundaram,-1,557453,558453,0.23696041107177734
100,sieve_of_eratosthenes,-1,333635,333735,0.039034366607666016
1000,sieve_of_sundaram,-1,163522,164522,0.06299996376037598
10000,sieve_of_eratosthenes,-1,761484,771484,0.09800434112548828
10,sieve_of_eratosthenes,-1,926287,926297,0.12200212478637695
100,naive_algorithm,-1,437662,437762,0.0009975433349609375
1000,naive_algorithm,-1,185427,186427,0.00397944450378418
10,naive_algorithm,-1,492058,492068,0.0
100,sieve_of_sundaram,-1,677129,677229,0.29698872566223145
1000,sieve_of_sundaram,-1,503293,504293,0.21499991416931152
10,naive_algorithm,-1,983507,983517,0.0
10000,sieve_of_eratosthenes,-1,603667,613667,0.08199906349182129
10000,sieve_of_sundaram,-1,860771,870771,0.38196825981140137
100,naive_algorithm,-1,614907,615007,0.0
10000,naive_algorithm,-1,702826,712826,0.05299019813537598
10,sieve_of_eratosthenes,-1,681739,681749,0.08396339416503906
10,sieve_of_sundaram,-1,603888,603898,0.26003217697143555
10000,naive_algorithm,-1,945495,955495,0.057001352310180664
100,sieve_of_sundaram,-1,708345,708445,0.3170030117034912
1000,naive_algorithm,-1,126840,127840,0.001994609832763672
10,sieve_of_sundaram,-1,711832,711842,0.3119935989379883
100,sieve_of_eratosthenes,-1,993965,994065,0.12800860404968262
100,sieve_of_sundaram,-1,180953,181053,0.07000231742858887
1000,sieve_of_eratosthenes,-1,588754,589754,0.07900667190551758
10000,naive_algorithm,-1,497267,507267,0.04499363899230957
100,sieve_of_sundaram,-1,376721,376821,0.1569657325744629
10,naive_algorithm,-1,547803,547813,0.0
1000,sieve_of_eratosthenes,-1,439191,440191,0.05703425407409668
10,sieve_of_eratosthenes,-1,266198,266208,0.03296804428100586
10000,sieve_of_eratosthenes,-1,623803,633803,0.07799816131591797
10,naive_algorithm,-1,61605,61615,0.0
10,naive_algorithm,-1,590236,590246,0.0
10000,sieve_of_eratosthenes,-1,760887,770887,0.0990285873413086
1000,sieve_of_sundaram,-1,894255,895255,0.4099726676940918
10,sieve_of_sundaram,-1,300147,300157,0.13303518295288086
10,sieve_of_sundaram,-1,165637,165647,0.06696629524230957
10,sieve_of_eratosthenes,-1,827560,827570,0.11503791809082031
10000,sieve_of_sundaram,-1,570992,580992,0.24898815155029297
1000,naive_algorithm,-1,937037,938037,0.005004405975341797
1000,sieve_of_eratosthenes,-1,793057,794057,0.1040029525756836
10000,sieve_of_eratosthenes,-1,799461,809461,0.10596656799316406
1000,sieve_of_sundaram,-1,637803,638803,0.28003692626953125
10000,sieve_of_sundaram,-1,183274,193274,0.07600021362304688
10,naive_algorithm,-1,378045,378055,0.0
10,sieve_of_sundaram,-1,253586,253596,0.10100007057189941
10000,sieve_of_sundaram,-1,372791,382791,0.15796256065368652
10000,naive_algorithm,-1,510393,520393,0.04603075981140137
10,sieve_of_sundaram,-1,62899,62909,0.02200031280517578
100,naive_algorithm,-1,535949,536049,0.0010075569152832031
1000,sieve_of_sundaram,-1,785071,786071,0.3469982147216797
1000,naive_algorithm,-1,827895,828895,0.0049970149993896484
10000,naive_algorithm,-1,835502,845502,0.056000471115112305
10,sieve_of_sundaram,-1,136283,136293,0.05300259590148926
1000,naive_algorithm,-1,846305,847305,0.0059967041015625
1000,sieve_of_sundaram,-1,250465,251465,0.10100007057189941
1000,sieve_of_sundaram,-1,417005,418005,0.1770000457763672
10,sieve_of_sundaram,-1,192345,192355,0.07300019264221191
10000,naive_algorithm,-1,622410,632410,0.04700016975402832
100,sieve_of_sundaram,-1,634773,634873,0.2790377140045166
10000,sieve_of_eratosthenes,-1,554727,564727,0.07100033760070801
100,sieve_of_sundaram,-1,310819,310919,0.12800121307373047
100,naive_algorithm,-1,471592,471692,0.0
10,sieve_of_sundaram,-1,429407,429417,0.18100214004516602
10,naive_algorithm,-1,752423,752433,0.0009980201721191406
10000,sieve_of_sundaram,-1,641022,651022,0.2850010395050049
100,sieve_of_eratosthenes,-1,687530,687630,0.08999872207641602
1000,naive_algorithm,-1,424099,425099,0.004000663757324219
10000,sieve_of_sundaram,-1,176520,186520,0.07400012016296387
1000,naive_algorithm,-1,261346,262346,0.0030035972595214844
100,naive_algorithm,-1,444298,444398,0.0009953975677490234
1000,sieve_of_sundaram,-1,156433,157433,0.05900454521179199
100,sieve_of_sundaram,-1,432075,432175,0.17999744415283203
1000,naive_algorithm,-1,681659,682659,0.005002021789550781
100,sieve_of_eratosthenes,-1,741238,741338,0.09499835968017578
100,sieve_of_sundaram,-1,699672,699772,0.31399989128112793
10000,naive_algorithm,-1,245124,255124,0.03296303749084473
10000,sieve_of_sundaram,-1,510579,520579,0.22103524208068848
10,naive_algorithm,-1,426400,426410,0.0
1000,sieve_of_sundaram,-1,153830,154830,0.06000638008117676
10,naive_algorithm,-1,811308,811318,0.0
1000,sieve_of_eratosthenes,-1,154574,155574,0.018006324768066406
10,sieve_of_sundaram,-1,918692,918702,0.40699005126953125
1000,naive_algorithm,-1,804053,805053,0.0060024261474609375
10000,sieve_of_sundaram,-1,166919,176919,0.06999564170837402
10000,sieve_of_eratosthenes,-1,441306,451306,0.0559999942779541
10000,sieve_of_eratosthenes,-1,738848,748848,0.09700179100036621
100,naive_algorithm,-1,873183,873283,0.000997781753540039
10000,sieve_of_sundaram,-1,709799,719799,0.3149690628051758
10000,naive_algorithm,-1,217383,227383,0.03298330307006836
10000,sieve_of_eratosthenes,-1,879545,889545,0.11400055885314941
10,naive_algorithm,-1,730701,730711,0.0
10000,sieve_of_eratosthenes,-1,57054,67054,0.007000923156738281
10000,naive_algorithm,-1,769579,779579,0.05399894714355469
10000,sieve_of_sundaram,-1,823542,833542,0.3710012435913086
1000,sieve_of_sundaram,-1,64812,65812,0.023999929428100586
1000,sieve_of_eratosthenes,-1,139043,140043,0.015964746475219727
1000,sieve_of_sundaram,-1,838151,839151,0.3730344772338867
10000,sieve_of_eratosthenes,-1,142383,152383,0.017998933792114258
1000,sieve_of_sundaram,-1,507045,508045,0.21300077438354492
10,sieve_of_eratosthenes,-1,496322,496332,0.06400609016418457
10,sieve_of_eratosthenes,-1,325263,325273,0.039999961853027344
1000,naive_algorithm,-1,204195,205195,0.0029931068420410156
10,naive_algorithm,-1,406196,406206,0.0
10000,sieve_of_eratosthenes,-1,717683,727683,0.09400248527526855
10,sieve_of_eratosthenes,-1,324009,324019,0.04000496864318848
10000,sieve_of_eratosthenes,-1,417587,427587,0.05598640441894531
10,sieve_of_sundaram,-1,710621,710631,0.3130154609680176
10,naive_algorithm,-1,943395,943405,0.0
1000,sieve_of_sundaram,-1,859728,860728,0.3869597911834717
10000,naive_algorithm,-1,322366,332366,0.03603816032409668
10,sieve_of_sundaram,-1,683348,683358,0.3019583225250244
10000,sieve_of_sundaram,-1,594853,604853,0.26003384590148926
1000,naive_algorithm,-1,396122,397122,0.003996372222900391
100,naive_algorithm,-1,380054,380154,0.0
10,naive_algorithm,-1,159933,159943,0.0010001659393310547
10000,sieve_of_eratosthenes,-1,662796,672796,0.08804178237915039
10000,sieve_of_eratosthenes,-1,935440,945440,0.12396001815795898
10000,naive_algorithm,-1,138915,148915,0.027044296264648438
100,sieve_of_eratosthenes,-1,439333,439433,0.05499768257141113
10000,naive_algorithm,-1,323908,333908,0.037989139556884766
1000,sieve_of_sundaram,-1,488786,489786,0.20696783065795898
10000,sieve_of_sundaram,-1,937679,947679,0.43103528022766113
10,sieve_of_sundaram,-1,348902,348912,0.1420001983642578
100,sieve_of_sundaram,-1,144314,144414,0.056002140045166016
10,naive_algorithm,-1,829269,829279,0.0
10000,sieve_of_sundaram,-1,729758,739758,0.32399773597717285
10,naive_algorithm,-1,765374,765384,0.0
1000,sieve_of_sundaram,-1,737791,738791,0.3231847286224365
100,sieve_of_sundaram,-1,667609,667709,0.285999059677124
10000,naive_algorithm,-1,19559,29559,0.015000104904174805
10,naive_algorithm,-1,999479,999489,0.0
10000,sieve_of_eratosthenes,-1,212661,222661,0.026999711990356445
10000,sieve_of_sundaram,-1,476278,486278,0.2030031681060791
10,sieve_of_sundaram,-1,184429,184439,0.07103133201599121
100,sieve_of_sundaram,-1,730640,730740,0.3190031051635742
100,naive_algorithm,-1,626599,626699,0.0010006427764892578
10,sieve_of_sundaram,-1,703511,703521,0.3039665222167969
10000,sieve_of_sundaram,-1,34023,44023,0.017000198364257812
1000,naive_algorithm,-1,477188,478188,0.003999233245849609
10,sieve_of_sundaram,-1,622878,622888,0.2700002193450928
100,sieve_of_eratosthenes,-1,185639,185739,0.023000478744506836
10,sieve_of_sundaram,-1,505316,505326,0.21700096130371094
10,sieve_of_sundaram,-1,266256,266266,0.10699844360351562
1000,sieve_of_eratosthenes,-1,268937,269937,0.032999515533447266
100,naive_algorithm,-1,768256,768356,0.001001119613647461
10,naive_algorithm,-1,936279,936289,0.0
1000,sieve_of_eratosthenes,-1,397073,398073,0.049999237060546875
100,sieve_of_sundaram,-1,185212,185312,0.07303643226623535
1000,naive_algorithm,-1,293230,294230,0.0030045509338378906
1000,sieve_of_eratosthenes,-1,574983,575983,0.07696104049682617
10000,sieve_of_sundaram,-1,516441,526441,0.2200002670288086
10000,naive_algorithm,-1,111129,121129,0.023997068405151367
1000,naive_algorithm,-1,436271,437271,0.004000425338745117
10,sieve_of_eratosthenes,-1,357649,357659,0.04725146293640137
1000,naive_algorithm,-1,104788,105788,0.001995086669921875
100,naive_algorithm,-1,932047,932147,0.000997781753540039
10000,sieve_of_sundaram,-1,128941,138941,0.05100202560424805
10,naive_algorithm,-1,691130,691140,0.0
10000,sieve_of_eratosthenes,-1,253530,263530,0.03200483322143555
10000,sieve_of_eratosthenes,-1,900508,910508,0.11800050735473633
10,naive_algorithm,-1,699823,699833,0.0
10000,naive_algorithm,-1,42943,52943,0.016997098922729492
10000,sieve_of_eratosthenes,-1,119025,129025,0.015990018844604492
100,sieve_of_eratosthenes,-1,130224,130324,0.01597309112548828
10000,naive_algorithm,-1,543195,553195,0.04603314399719238
100,sieve_of_eratosthenes,-1,867541,867641,0.11300086975097656
10,sieve_of_eratosthenes,-1,842927,842937,0.10700273513793945
1000,sieve_of_eratosthenes,-1,430100,431100,0.05399036407470703
100,sieve_of_sundaram,-1,439384,439484,0.18701386451721191
10000,sieve_of_eratosthenes,-1,962730,972730,0.12801194190979004
10000,sieve_of_eratosthenes,-1,792326,802326,0.10121631622314453
10000,sieve_of_eratosthenes,-1,24026,34026,0.004000186920166016
10000,sieve_of_sundaram,-1,723959,733959,0.3260312080383301
10,sieve_of_sundaram,-1,799180,799190,0.3619687557220459
100,sieve_of_eratosthenes,-1,7346,7446,0.0010013580322265625
1000,sieve_of_sundaram,-1,495448,496448,0.21199750900268555
10,naive_algorithm,-1,873638,873648,0.0
10000,naive_algorithm,-1,896667,906667,0.05399799346923828
10,naive_algorithm,-1,60739,60749,0.0
1000,sieve_of_sundaram,-1,256162,257162,0.1040341854095459
10000,sieve_of_sundaram,-1,995937,1005937,0.4500002861022949
10000,sieve_of_sundaram,-1,131421,141421,0.05499625205993652
1000,naive_algorithm,-1,947640,948640,0.005003929138183594
100,sieve_of_eratosthenes,-1,805159,805259,0.10596489906311035
100,sieve_of_eratosthenes,-1,353902,354002,0.04500079154968262
1000,sieve_of_eratosthenes,-1,642024,643024,0.08203601837158203
10,naive_algorithm,-1,935406,935416,0.0
100,sieve_of_sundaram,-1,596146,596246,0.2579941749572754
1000,naive_algorithm,-1,896696,897696,0.00496983528137207
1000,naive_algorithm,-1,366441,367441,0.004034996032714844
10000,sieve_of_eratosthenes,-1,380624,390624,0.047998905181884766
10,sieve_of_sundaram,-1,166236,166246,0.06200432777404785
10000,sieve_of_eratosthenes,-1,297010,307010,0.03896069526672363
100,sieve_of_eratosthenes,-1,950452,950552,0.12501168251037598
10000,naive_algorithm,-1,923728,933728,0.0570218563079834
1000,sieve_of_eratosthenes,-1,923000,924000,0.11900186538696289
1000,sieve_of_sundaram,-1,392769,393769,0.162001371383667
100,sieve_of_eratosthenes,-1,690533,690633,0.09300088882446289
10,naive_algorithm,-1,253144,253154,0.0
100,sieve_of_sundaram,-1,261015,261115,0.10399818420410156
1000,naive_algorithm,-1,192079,193079,0.002999544143676758
1000,sieve_of_eratosthenes,-1,922582,923582,0.12100028991699219
1000,sieve_of_sundaram,-1,154706,155706,0.06100130081176758
10,naive_algorithm,-1,552564,552574,0.0
10,naive_algorithm,-1,683323,683333,0.0
1000,sieve_of_eratosthenes,-1,260217,261217,0.031993865966796875
10,naive_algorithm,-1,782954,782964,0.0
1000,naive_algorithm,-1,268982,269982,0.004002571105957031
100,sieve_of_sundaram,-1,167855,167955,0.06299614906311035
10,sieve_of_sundaram,-1,455235,455245,0.18801093101501465
10000,sieve_of_eratosthenes,-1,920442,930442,0.1199946403503418
10,sieve_of_sundaram,-1,214049,214059,0.08500051498413086
10000,sieve_of_eratosthenes,-1,639312,649312,0.08400082588195801
100,sieve_of_eratosthenes,-1,121285,121385,0.013999700546264648
100,sieve_of_sundaram,-1,645043,645143,0.2759993076324463
10000,sieve_of_sundaram,-1,529874,539874,0.23396849632263184
10,sieve_of_sundaram,-1,807213,807223,0.35603761672973633
10000,sieve_of_sundaram,-1,402722,412722,0.17395997047424316
100,naive_algorithm,-1,955727,955827,0.0
10000,sieve_of_eratosthenes,-1,258011,268011,0.03203296661376953
10000,sieve_of_eratosthenes,-1,716916,726916,0.09400057792663574
100,naive_algorithm,-1,508248,508348,0.0
100,sieve_of_sundaram,-1,472090,472190,0.1949937343597412
1000,naive_algorithm,-1,79185,80185,0.0019991397857666016
1000,naive_algorithm,-1,310094,311094,0.00299835205078125
100,naive_algorithm,-1,466581,466681,0.0010020732879638672
100,sieve_of_sundaram,-1,47722,47822,0.0160064697265625
10,sieve_of_eratosthenes,-1,361508,361518,0.04500579833984375
10000,naive_algorithm,-1,474367,484367,0.04895353317260742
1000,sieve_of_eratosthenes,-1,889318,890318,0.1170344352722168
1000,sieve_of_sundaram,-1,606262,607262,0.27299976348876953
10000,naive_algorithm,-1,134916,144916,0.02900242805480957
10000,naive_algorithm,-1,100167,110167,0.0240018367767334
10000,sieve_of_sundaram,-1,608669,618669,0.2689998149871826
100,naive_algorithm,-1,127098,127198,0.0
100,sieve_of_sundaram,-1,451838,451938,0.19100332260131836
1000,naive_algorithm,-1,560980,561980,0.003998517990112305
10000,sieve_of_eratosthenes,-1,658761,668761,0.08399367332458496
10000,sieve_of_sundaram,-1,896949,906949,0.40300583839416504
1000,sieve_of_sundaram,-1,316761,317761,0.13399863243103027
1000,naive_algorithm,-1,620419,621419,0.006009817123413086
1000,sieve_of_sundaram,-1,54036,55036,0.019002199172973633
10,naive_algorithm,-1,200766,200776,0.0
1000,naive_algorithm,-1,749024,750024,0.004992485046386719
100,sieve_of_sundaram,-1,104666,104766,0.040004730224609375
10,sieve_of_eratosthenes,-1,471360,471370,0.06299710273742676
1000,naive_algorithm,-1,702158,703158,0.004996061325073242
100,sieve_of_eratosthenes,-1,767518,767618,0.09796833992004395
100,sieve_of_eratosthenes,-1,632084,632184,0.07903480529785156
10,sieve_of_eratosthenes,-1,180981,180991,0.02199721336364746
1000,sieve_of_eratosthenes,-1,943264,944264,0.12200188636779785
100,sieve_of_eratosthenes,-1,259309,259409,0.03299260139465332
10,sieve_of_eratosthenes,-1,958805,958815,0.12497162818908691
10,sieve_of_eratosthenes,-1,364267,364277,0.0460352897644043
100,sieve_of_eratosthenes,-1,960725,960825,0.12997198104858398
10,sieve_of_sundaram,-1,158318,158328,0.060027122497558594
100,sieve_of_sundaram,-1,363951,364051,0.15500330924987793
1000,sieve_of_eratosthenes,-1,802584,803584,0.10699868202209473
1000,sieve_of_eratosthenes,-1,382568,383568,0.048996925354003906
100,sieve_of_sundaram,-1,111621,111721,0.0410006046295166
100,naive_algorithm,-1,640132,640232,0.0010006427764892578
10000,sieve_of_eratosthenes,-1,427377,437377,0.05800819396972656
1000,sieve_of_eratosthenes,-1,348063,349063,0.04499983787536621
1000,naive_algorithm,-1,695626,696626,0.004993915557861328
100,sieve_of_eratosthenes,-1,855511,855611,0.1119992733001709
10000,sieve_of_eratosthenes,-1,357326,367326,0.04600024223327637
10,naive_algorithm,-1,954355,954365,0.0
10,naive_algorithm,-1,71834,71844,0.0
1000,sieve_of_sundaram,-1,920010,921010,0.4349660873413086
10000,sieve_of_sundaram,-1,875497,885497,0.40399789810180664
100,naive_algorithm,-1,264535,264635,0.0
100,sieve_of_eratosthenes,-1,826379,826479,0.10500168800354004
100,naive_algorithm,-1,643369,643469,0.0010013580322265625
10000,naive_algorithm,-1,916484,926484,0.0550384521484375
1000,sieve_of_eratosthenes,-1,31342,32342,0.003992557525634766
1000,sieve_of_eratosthenes,-1,780139,781139,0.10000014305114746
1000,sieve_of_eratosthenes,-1,829628,830628,0.10496759414672852
10,sieve_of_eratosthenes,-1,921441,921451,0.12100529670715332
10000,sieve_of_sundaram,-1,529616,539616,0.23599791526794434
1000,sieve_of_sundaram,-1,374498,375498,0.16201138496398926
100,sieve_of_sundaram,-1,80082,80182,0.030951976776123047
100,naive_algorithm,-1,232684,232784,0.0009996891021728516
100,sieve_of_sundaram,-1,354106,354206,0.15003418922424316
10,naive_algorithm,-1,314598,314608,0.0
1000,sieve_of_sundaram,-1,932726,933726,0.43000054359436035
1000,sieve_of_eratosthenes,-1,189263,190263,0.022998809814453125
100,naive_algorithm,-1,842042,842142,0.0010023117065429688
10000,naive_algorithm,-1,139402,149402,0.025000333786010742
1000,sieve_of_eratosthenes,-1,873481,874481,0.11800146102905273
1000,naive_algorithm,-1,186968,187968,0.0029993057250976562
1000,sieve_of_eratosthenes,-1,132051,133051,0.014963626861572266
100,sieve_of_eratosthenes,-1,850116,850216,0.11202740669250488
100,sieve_of_eratosthenes,-1,972148,972248,0.13200616836547852
1000,sieve_of_sundaram,-1,630559,631559,0.2800114154815674
1000,naive_algorithm,-1,787143,788143,0.005988597869873047
100,sieve_of_sundaram,-1,925400,925500,0.41900014877319336
10000,sieve_of_sundaram,-1,437602,447602,0.19400572776794434
100,sieve_of_eratosthenes,-1,838549,838649,0.10899639129638672
1000,sieve_of_eratosthenes,-1,43337,44337,0.0049974918365478516
100,naive_algorithm,-1,825649,825749,0.0
1000,naive_algorithm,-1,60102,61102,0.001966714859008789
100,naive_algorithm,-1,224191,224291,0.0009999275207519531
1000,naive_algorithm,-1,849788,850788,0.0049991607666015625
1000,naive_algorithm,-1,907993,908993,0.004999637603759766
1000,sieve_of_eratosthenes,-1,952108,953108,0.1190342903137207
10000,sieve_of_sundaram,-1,337011,347011,0.14400148391723633
1000,naive_algorithm,-1,557720,558720,0.004998445510864258
10000,sieve_of_sundaram,-1,327868,337868,0.1400003433227539
10000,naive_algorithm,-1,812235,822235,0.054967403411865234
10,sieve_of_eratosthenes,-1,204397,204407,0.024033784866333008
10,naive_algorithm,-1,964471,964481,0.0
100,sieve_of_sundaram,-1,392773,392873,0.16299891471862793
1000,sieve_of_eratosthenes,-1,127830,128830,0.014998197555541992
1000,sieve_of_sundaram,-1,191040,192040,0.07600760459899902
1000,sieve_of_sundaram,-1,586995,587995,0.26699209213256836
10000,naive_algorithm,-1,94472,104472,0.022998809814453125
10000,sieve_of_eratosthenes,-1,731944,741944,0.0950002670288086
10,sieve_of_sundaram,-1,540602,540612,0.2282545566558838
100,naive_algorithm,-1,572796,572896,0.0010013580322265625
10,naive_algorithm,-1,437162,437172,0.0
100,sieve_of_eratosthenes,-1,745387,745487,0.09703326225280762
1000,sieve_of_sundaram,-1,689529,690529,0.30099987983703613
10,sieve_of_eratosthenes,-1,205835,205845,0.025000333786010742
10,naive_algorithm,-1,712420,712430,0.0
10,sieve_of_sundaram,-1,863978,863988,0.4070110321044922
100,naive_algorithm,-1,975417,975517,0.0009891986846923828
10,sieve_of_sundaram,-1,931466,931476,0.42496752738952637
10000,sieve_of_eratosthenes,-1,948128,958128,0.12247180938720703
100,sieve_of_eratosthenes,-1,841765,841865,0.11403942108154297
10000,sieve_of_eratosthenes,-1,151984,161984,0.019001245498657227
1000,sieve_of_sundaram,-1,198509,199509,0.07695817947387695
1000,naive_algorithm,-1,837853,838853,0.0060002803802490234
10,naive_algorithm,-1,371548,371558,0.0
10,sieve_of_sundaram,-1,96131,96141,0.03699994087219238
100,sieve_of_eratosthenes,-1,56345,56445,0.0060002803802490234
100,sieve_of_eratosthenes,-1,356683,356783,0.0429997444152832
10,naive_algorithm,-1,189953,189963,0.0
10000,sieve_of_sundaram,-1,780826,790826,0.35000014305114746
100,sieve_of_eratosthenes,-1,595826,595926,0.07399988174438477
10000,naive_algorithm,-1,857202,867202,0.05701899528503418
10,sieve_of_sundaram,-1,371810,371820,0.15296721458435059
1000,sieve_of_sundaram,-1,848169,849169,0.3750009536743164
10,sieve_of_eratosthenes,-1,252761,252771,0.030997514724731445
1000,sieve_of_eratosthenes,-1,920276,921276,0.12100076675415039
10000,sieve_of_eratosthenes,-1,904982,914982,0.12099981307983398
10000,naive_algorithm,-1,802774,812774,0.05404162406921387
100,naive_algorithm,-1,918479,918579,0.0
100,sieve_of_eratosthenes,-1,259330,259430,0.030965328216552734
100,naive_algorithm,-1,82136,82236,0.0010008811950683594
10000,naive_algorithm,-1,574741,584741,0.04599881172180176
1000,naive_algorithm,-1,358771,359771,0.004000186920166016
100,sieve_of_sundaram,-1,272366,272466,0.11499977111816406
10,naive_algorithm,-1,181960,181970,0.0
100,sieve_of_eratosthenes,-1,617831,617931,0.08100032806396484
100,sieve_of_sundaram,-1,297735,297835,0.12299966812133789
10000,naive_algorithm,-1,805487,815487,0.05500173568725586
100,sieve_of_sundaram,-1,752841,752941,0.3249986171722412
10,naive_algorithm,-1,954364,954374,0.0
100,sieve_of_sundaram,-1,156104,156204,0.059999942779541016
100,naive_algorithm,-1,331618,331718,0.0
1000,sieve_of_eratosthenes,-1,37327,38327,0.005033016204833984
1000,naive_algorithm,-1,3393,4393,0.0010039806365966797
100,sieve_of_sundaram,-1,25138,25238,0.00699925422668457
10,naive_algorithm,-1,324098,324108,0.0010228157043457031
10,naive_algorithm,-1,590899,590909,0.0
1000,naive_algorithm,-1,68534,69534,0.0009770393371582031
10000,sieve_of_eratosthenes,-1,412480,422480,0.049968719482421875
10000,sieve_of_eratosthenes,-1,181569,191569,0.02299809455871582
100,naive_algorithm,-1,565054,565154,0.0010001659393310547
10,sieve_of_eratosthenes,-1,245789,245799,0.0299990177154541
10,naive_algorithm,-1,406436,406446,0.0
10,sieve_of_eratosthenes,-1,397680,397690,0.04800105094909668
10,sieve_of_eratosthenes,-1,151346,151356,0.017998933792114258
10000,sieve_of_eratosthenes,-1,668967,678967,0.08899998664855957
10000,naive_algorithm,-1,807270,817270,0.051999807357788086
100,sieve_of_sundaram,-1,182929,183029,0.07100129127502441
100,sieve_of_sundaram,-1,196598,196698,0.07603573799133301
10000,sieve_of_eratosthenes,-1,75045,85045,0.007963418960571289
10,sieve_of_sundaram,-1,207509,207519,0.08100032806396484
1000,sieve_of_sundaram,-1,344903,345903,0.14299988746643066
10,sieve_of_sundaram,-1,398443,398453,0.1659996509552002
10,naive_algorithm,-1,373771,373781,0.0
1000,sieve_of_eratosthenes,-1,778004,779004,0.10200071334838867
1000,sieve_of_sundaram,-1,300348,301348,0.12000107765197754
100,naive_algorithm,-1,760310,760410,0.0010023117065429688
100,naive_algorithm,-1,950137,950237,0.0009989738464355469
1000,sieve_of_sundaram,-1,432690,433690,0.18303322792053223
1000,naive_algorithm,-1,607272,608272,0.004998922348022461
10000,sieve_of_eratosthenes,-1,11029,21029,0.0020003318786621094
10000,naive_algorithm,-1,360196,370196,0.038964033126831055
100,naive_algorithm,-1,228886,228986,0.0
100,sieve_of_sundaram,-1,638257,638357,0.27204465866088867
100,sieve_of_sundaram,-1,212805,212905,0.08595681190490723
1000,sieve_of_sundaram,-1,64239,65239,0.022999048233032227
100,sieve_of_eratosthenes,-1,56041,56141,0.006000041961669922
1000,sieve_of_sundaram,-1,917432,918432,0.4070415496826172
10,sieve_of_eratosthenes,-1,760043,760053,0.0919952392578125
10000,sieve_of_sundaram,-1,103474,113474,0.0409998893737793
100,sieve_of_sundaram,-1,245104,245204,0.09596657752990723
10000,sieve_of_sundaram,-1,794469,804469,0.3500020503997803
1000,naive_algorithm,-1,632552,633552,0.004998445510864258
10000,sieve_of_sundaram,-1,912145,922145,0.42299842834472656
100,sieve_of_eratosthenes,-1,807544,807644,0.10000014305114746
10000,sieve_of_eratosthenes,-1,183503,193503,0.021999597549438477
1000,sieve_of_sundaram,-1,610591,611591,0.2630019187927246
1000,sieve_of_sundaram,-1,675452,676452,0.2989969253540039
100,sieve_of_sundaram,-1,70231,70331,0.025999784469604492
100,sieve_of_eratosthenes,-1,50322,50422,0.005000114440917969
1000,sieve_of_sundaram,-1,567073,568073,0.2389998435974121
10,naive_algorithm,-1,635513,635523,0.0
100,sieve_of_eratosthenes,-1,219854,219954,0.02700018882751465
100,sieve_of_sundaram,-1,695079,695179,0.3059999942779541
1000,sieve_of_eratosthenes,-1,876502,877502,0.11103320121765137
1000,sieve_of_sundaram,-1,978380,979380,0.4529690742492676
100,naive_algorithm,-1,569369,569469,0.0010013580322265625
10000,naive_algorithm,-1,29195,39195,0.016029834747314453
10,sieve_of_eratosthenes,-1,731821,731831,0.09196734428405762
1000,naive_algorithm,-1,513892,514892,0.004999399185180664
1000,sieve_of_eratosthenes,-1,468830,469830,0.06000018119812012
10000,sieve_of_sundaram,-1,812818,822818,0.3674919605255127
10,sieve_of_eratosthenes,-1,905792,905802,0.12000179290771484
100,naive_algorithm,-1,480854,480954,0.0
100,sieve_of_sundaram,-1,426957,427057,0.1809992790222168
100,naive_algorithm,-1,727736,727836,0.0
100,sieve_of_sundaram,-1,472379,472479,0.20096111297607422
100,sieve_of_sundaram,-1,183381,183481,0.07138180732727051
10,sieve_of_sundaram,-1,439741,439751,0.18800020217895508
100,naive_algorithm,-1,781356,781456,0.001001119613647461
10,sieve_of_sundaram,-1,439335,439345,0.19500064849853516
1000,naive_algorithm,-1,115091,116091,0.0020003318786621094
10,sieve_of_eratosthenes,-1,886763,886773,0.11500000953674316
100,sieve_of_eratosthenes,-1,191799,191899,0.022031068801879883
1000,sieve_of_eratosthenes,-1,869577,870577,0.11200308799743652
10,sieve_of_sundaram,-1,494009,494019,0.2139594554901123
100,sieve_of_eratosthenes,-1,629672,629772,0.0839996337890625
100,sieve_of_eratosthenes,-1,162208,162308,0.018999814987182617
1000,naive_algorithm,-1,296647,297647,0.002999544143676758
1000,sieve_of_sundaram,-1,467930,468930,0.1960008144378662
10,naive_algorithm,-1,653681,653691,0.0
10000,sieve_of_eratosthenes,-1,335751,345751,0.0429995059967041
100,sieve_of_sundaram,-1,512081,512181,0.21699953079223633
100,sieve_of_eratosthenes,-1,783690,783790,0.10699987411499023
1000,sieve_of_sundaram,-1,848362,849362,0.37199902534484863
1000,sieve_of_eratosthenes,-1,293810,294810,0.03903841972351074
10000,sieve_of_eratosthenes,-1,608727,618727,0.0749661922454834
10000,naive_algorithm,-1,895764,905764,0.05399465560913086
10000,sieve_of_sundaram,-1,818507,828507,0.37400078773498535
1000,naive_algorithm,-1,878417,879417,0.004984855651855469
100,sieve_of_eratosthenes,-1,39089,39189,0.004000425338745117
100,sieve_of_sundaram,-1,551793,551893,0.23803424835205078
10,naive_algorithm,-1,439411,439421,0.0
1000,sieve_of_eratosthenes,-1,918606,919606,0.12296199798583984
10,sieve_of_sundaram,-1,132449,132459,0.04999899864196777
1000,sieve_of_sundaram,-1,451423,452423,0.18999981880187988
10000,naive_algorithm,-1,663062,673062,0.04998612403869629
10,sieve_of_eratosthenes,-1,225196,225206,0.027999162673950195
1000,naive_algorithm,-1,481523,482523,0.005049467086791992
1000,sieve_of_sundaram,-1,986782,987782,0.45595407485961914
10000,sieve_of_sundaram,-1,257274,267274,0.10902953147888184
10,sieve_of_eratosthenes,-1,24156,24166,0.003000974655151367
10,naive_algorithm,-1,111513,111523,0.0
100,sieve_of_eratosthenes,-1,926621,926721,0.12296652793884277
10,naive_algorithm,-1,145950,145960,0.0
10,sieve_of_sundaram,-1,465754,465764,0.20499968528747559
1000,sieve_of_sundaram,-1,86569,87569,0.03199958801269531
10000,naive_algorithm,-1,230441,240441,0.03299999237060547
100,sieve_of_eratosthenes,-1,885816,885916,0.11600041389465332
100,sieve_of_eratosthenes,-1,7682,7782,0.0010004043579101562
100,sieve_of_eratosthenes,-1,504434,504534,0.062001705169677734
100,sieve_of_eratosthenes,-1,143561,143661,0.01699995994567871
100,sieve_of_eratosthenes,-1,659135,659235,0.08287644386291504
10,sieve_of_eratosthenes,-1,429753,429763,0.05704617500305176
1000,naive_algorithm,-1,520202,521202,0.003993511199951172
1000,sieve_of_eratosthenes,-1,500745,501745,0.06299948692321777
10,naive_algorithm,-1,967624,967634,0.0
100,naive_algorithm,-1,956100,956200,0.0
100,sieve_of_sundaram,-1,610443,610543,0.26700735092163086
10000,sieve_of_sundaram,-1,411763,421763,0.1799912452697754
10,sieve_of_eratosthenes,-1,516995,517005,0.06800723075866699
100,sieve_of_eratosthenes,-1,559715,559815,0.06899452209472656
10,sieve_of_sundaram,-1,346074,346084,0.14200496673583984
10,naive_algorithm,-1,164913,164923,0.0
1000,naive_algorithm,-1,663391,664391,0.004995584487915039
1000,sieve_of_sundaram,-1,716914,717914,0.3119633197784424
10,sieve_of_eratosthenes,-1,926465,926475,0.12000060081481934
100,sieve_of_sundaram,-1,844675,844775,0.38003993034362793
1000,naive_algorithm,-1,727810,728810,0.004995107650756836
1000,sieve_of_sundaram,-1,42003,43003,0.015006780624389648
10,sieve_of_sundaram,-1,803599,803609,0.3459925651550293
1000,sieve_of_sundaram,-1,175479,176479,0.0670003890991211
10000,sieve_of_sundaram,-1,118606,128606,0.0493006706237793
1000,sieve_of_eratosthenes,-1,33399,34399,0.0029997825622558594
10000,sieve_of_sundaram,-1,685957,695957,0.3140404224395752
1000,naive_algorithm,-1,517610,518610,0.0039958953857421875
10,sieve_of_eratosthenes,-1,271135,271145,0.03296327590942383
10000,sieve_of_sundaram,-1,851284,861284,0.3770020008087158
10000,naive_algorithm,-1,480308,490308,0.042996883392333984
1000,sieve_of_sundaram,-1,764442,765442,0.34000062942504883
100,sieve_of_eratosthenes,-1,377068,377168,0.04799985885620117
10,sieve_of_eratosthenes,-1,701948,701958,0.08900189399719238
100,sieve_of_eratosthenes,-1,528736,528836,0.06603240966796875
10,sieve_of_sundaram,-1,956631,956641,0.4249684810638428
1000,naive_algorithm,-1,626503,627503,0.004998683929443359
10000,sieve_of_eratosthenes,-1,767983,777983,0.09999847412109375
10000,sieve_of_sundaram,-1,542520,552520,0.24299883842468262
1000,sieve_of_sundaram,-1,286657,287657,0.11703872680664062
1000,naive_algorithm,-1,347021,348021,0.0049953460693359375
10000,sieve_of_sundaram,-1,76153,86153,0.02998661994934082
10000,sieve_of_sundaram,-1,794014,804014,0.35797929763793945
100,sieve_of_sundaram,-1,190945,191045,0.0709996223449707
10000,sieve_of_sundaram,-1,602320,612320,0.2583749294281006
100,naive_algorithm,-1,144802,144902,0.0
100,naive_algorithm,-1,268465,268565,0.0
1000,sieve_of_eratosthenes,-1,857951,858951,0.11803889274597168
1000,sieve_of_eratosthenes,-1,838270,839270,0.10700082778930664
10,naive_algorithm,-1,499689,499699,0.0
1000,sieve_of_sundaram,-1,353599,354599,0.14499998092651367
1000,sieve_of_eratosthenes,-1,487182,488182,0.06199502944946289
100,sieve_of_eratosthenes,-1,590311,590411,0.07399773597717285
1000,naive_algorithm,-1,417718,418718,0.0040013790130615234
10,naive_algorithm,-1,374893,374903,0.0
10,naive_algorithm,-1,617798,617808,0.0009982585906982422
100,naive_algorithm,-1,772600,772700,0.0
100,naive_algorithm,-1,267774,267874,0.0010027885437011719
10,sieve_of_sundaram,-1,132861,132871,0.050963640213012695
10000,sieve_of_sundaram,-1,753967,763967,0.3330366611480713
10000,sieve_of_eratosthenes,-1,47835,57835,0.00600123405456543
10,sieve_of_eratosthenes,-1,446357,446367,0.05499744415283203
10000,sieve_of_eratosthenes,-1,418530,428530,0.052001237869262695
10000,naive_algorithm,-1,121588,131588,0.023964643478393555
100,sieve_of_eratosthenes,-1,986065,986165,0.12900161743164062
1000,sieve_of_eratosthenes,-1,621033,622033,0.08804082870483398
10,sieve_of_eratosthenes,-1,346067,346077,0.04295849800109863
1000,sieve_of_eratosthenes,-1,817957,818957,0.1060023307800293
10,sieve_of_sundaram,-1,30654,30664,0.010034561157226562
1000,sieve_of_eratosthenes,-1,481207,482207,0.06099128723144531
10,sieve_of_sundaram,-1,781112,781122,0.3420119285583496
10,sieve_of_sundaram,-1,190624,190634,0.07604336738586426
100,sieve_of_sundaram,-1,268918,269018,0.10899567604064941
10000,sieve_of_sundaram,-1,23631,33631,0.011005163192749023
1000,naive_algorithm,-1,398766,399766,0.003997087478637695
10,naive_algorithm,-1,818182,818192,0.0
100,sieve_of_eratosthenes,-1,328369,328469,0.04199719429016113
10000,naive_algorithm,-1,12950,22950,0.012997627258300781
100,naive_algorithm,-1,167881,167981,0.0
10,sieve_of_sundaram,-1,284210,284220,0.11700153350830078
10,sieve_of_eratosthenes,-1,101274,101284,0.010998249053955078
100,sieve_of_sundaram,-1,803729,803829,0.35996580123901367
10000,naive_algorithm,-1,109240,119240,0.024033546447753906
100,naive_algorithm,-1,594492,594592,0.0010025501251220703
100,naive_algorithm,-1,456744,456844,0.0
10000,naive_algorithm,-1,535905,545905,0.0449984073638916
10,sieve_of_eratosthenes,-1,316928,316938,0.03900551795959473
1000,sieve_of_sundaram,-1,438536,439536,0.18599510192871094
10000,naive_algorithm,-1,134637,144637,0.025006532669067383
1000,sieve_of_sundaram,-1,834903,835903,0.3650016784667969
10000,sieve_of_sundaram,-1,869765,879765,0.3959946632385254
10000,sieve_of_eratosthenes,-1,261347,271347,0.03199934959411621
1000,naive_algorithm,-1,224117,225117,0.003002166748046875
10000,naive_algorithm,-1,98696,108696,0.023998498916625977
10000,sieve_of_eratosthenes,-1,190694,200694,0.0240023136138916
10,sieve_of_eratosthenes,-1,397373,397383,0.048005104064941406
10,sieve_of_eratosthenes,-1,908579,908589,0.11395978927612305
10,sieve_of_sundaram,-1,430979,430989,0.1800398826599121
10,naive_algorithm,-1,217138,217148,0.0
100,sieve_of_eratosthenes,-1,578927,579027,0.07300496101379395
10000,sieve_of_eratosthenes,-1,722783,732783,0.09703350067138672
10,naive_algorithm,-1,510437,510447,0.0
10000,sieve_of_eratosthenes,-1,782715,792715,0.09996724128723145
10,sieve_of_eratosthenes,-1,283664,283674,0.035025835037231445
100,naive_algorithm,-1,791028,791128,0.0009734630584716797
10000,sieve_of_sundaram,-1,59466,69466,0.026032447814941406
10000,naive_algorithm,-1,150772,160772,0.028002023696899414
100,naive_algorithm,-1,547812,547912,0.0
100,sieve_of_sundaram,-1,802913,803013,0.3679656982421875
10,sieve_of_eratosthenes,-1,667204,667214,0.08003044128417969
10,sieve_of_sundaram,-1,909121,909131,0.4030029773712158
10000,sieve_of_eratosthenes,-1,649271,659271,0.08200407028198242
100,naive_algorithm,-1,566104,566204,0.0009999275207519531
1000,sieve_of_eratosthenes,-1,915280,916280,0.11799931526184082
10000,sieve_of_eratosthenes,-1,80410,90410,0.009003639221191406
100,naive_algorithm,-1,295128,295228,0.0010056495666503906
10000,sieve_of_sundaram,-1,546082,556082,0.23698735237121582
1000,naive_algorithm,-1,913091,914091,0.00500035285949707
1000,naive_algorithm,-1,606144,607144,0.004999637603759766
10000,sieve_of_eratosthenes,-1,291975,301975,0.037995338439941406
1000,sieve_of_sundaram,-1,196805,197805,0.07799911499023438
100,sieve_of_eratosthenes,-1,672863,672963,0.08600282669067383
100,sieve_of_eratosthenes,-1,206775,206875,0.02499675750732422
100,naive_algorithm,-1,396532,396632,0.0010046958923339844
10,naive_algorithm,-1,540830,540840,0.0
10,sieve_of_eratosthenes,-1,779057,779067,0.10899519920349121
10000,sieve_of_sundaram,-1,153626,163626,0.06301259994506836
100,sieve_of_eratosthenes,-1,959499,959599,0.12600088119506836
1000,sieve_of_sundaram,-1,290332,291332,0.11900138854980469
10,sieve_of_sundaram,-1,554458,554468,0.24399137496948242
1000,sieve_of_eratosthenes,-1,75243,76243,0.009004592895507812
1000,sieve_of_eratosthenes,-1,173146,174146,0.022002696990966797
10000,naive_algorithm,-1,741656,751656,0.048954010009765625
10,naive_algorithm,-1,180443,180453,0.0
100,sieve_of_eratosthenes,-1,13533,13633,0.0010004043579101562
10000,sieve_of_sundaram,-1,6826,16826,0.005998849868774414
10,sieve_of_eratosthenes,-1,954886,954896,0.12103748321533203
10000,naive_algorithm,-1,120916,130916,0.025999784469604492
100,sieve_of_eratosthenes,-1,290055,290155,0.03499865531921387
1000,naive_algorithm,-1,927589,928589,0.005999088287353516
1000,sieve_of_sundaram,-1,640440,641440,0.27500319480895996
10000,naive_algorithm,-1,462672,472672,0.044960975646972656
10000,sieve_of_eratosthenes,-1,824791,834791,0.10902738571166992
10,sieve_of_eratosthenes,-1,163956,163966,0.01900005340576172
10000,sieve_of_eratosthenes,-1,463785,473785,0.05801248550415039
10,naive_algorithm,-1,703487,703497,0.0
10,naive_algorithm,-1,324992,325002,0.0
1000,sieve_of_sundaram,-1,92025,93025,0.03299689292907715
10000,naive_algorithm,-1,46445,56445,0.016991138458251953
10000,sieve_of_eratosthenes,-1,385266,395266,0.05302619934082031
10,sieve_of_sundaram,-1,738050,738060,0.32399511337280273
10,sieve_of_eratosthenes,-1,870377,870387,0.11500668525695801
10,sieve_of_sundaram,-1,551721,551731,0.2370014190673828
10000,sieve_of_eratosthenes,-1,489648,499648,0.06500101089477539
1000,sieve_of_sundaram,-1,871570,872570,0.3929917812347412
1000,sieve_of_eratosthenes,-1,972637,973637,0.1289997100830078
10,sieve_of_sundaram,-1,424859,424869,0.17499876022338867
100,sieve_of_eratosthenes,-1,40913,41013,0.004970550537109375
1000,sieve_of_sundaram,-1,443253,444253,0.18603897094726562
100,sieve_of_sundaram,-1,758373,758473,0.33395886421203613
10000,naive_algorithm,-1,526197,536197,0.0450282096862793
1000,naive_algorithm,-1,517659,518659,0.0040056705474853516
100,sieve_of_sundaram,-1,252301,252401,0.1009676456451416
10,sieve_of_eratosthenes,-1,848648,848658,0.11103343963623047
100,sieve_of_eratosthenes,-1,844259,844359,0.10996556282043457
1000,naive_algorithm,-1,275631,276631,0.002999544143676758
100,sieve_of_eratosthenes,-1,233245,233345,0.027032852172851562
1000,naive_algorithm,-1,351845,352845,0.004000425338745117
10,naive_algorithm,-1,567850,567860,0.0
10,sieve_of_sundaram,-1,218867,218877,0.08800315856933594
100,sieve_of_eratosthenes,-1,645849,645949,0.07899737358093262
100,naive_algorithm,-1,97554,97654,0.0010018348693847656
10,naive_algorithm,-1,593766,593776,0.0
10000,naive_algorithm,-1,775325,785325,0.05596780776977539
10,naive_algorithm,-1,542217,542227,0.0
1000,naive_algorithm,-1,555409,556409,0.00403285026550293
100,sieve_of_eratosthenes,-1,481562,481662,0.06196475028991699
10,sieve_of_sundaram,-1,701652,701662,0.31104040145874023
10,naive_algorithm,-1,717916,717926,0.0
100,naive_algorithm,-1,29211,29311,0.0
1000,naive_algorithm,-1,855463,856463,0.00499725341796875
100,sieve_of_sundaram,-1,267033,267133,0.1100010871887207
100,naive_algorithm,-1,793174,793274,0.0009953975677490234
10,sieve_of_eratosthenes,-1,473084,473094,0.06100606918334961
10000,naive_algorithm,-1,207062,217062,0.031000852584838867
10,naive_algorithm,-1,933287,933297,0.0
10000,sieve_of_sundaram,-1,542215,552215,0.23496103286743164
1000,sieve_of_eratosthenes,-1,934989,935989,0.1220395565032959
100,naive_algorithm,-1,251135,251235,0.0009925365447998047
10000,naive_algorithm,-1,906034,916034,0.05800604820251465
1000,sieve_of_sundaram,-1,570917,571917,0.2469618320465088
10,sieve_of_eratosthenes,-1,837866,837876,0.12103486061096191
1000,sieve_of_eratosthenes,-1,580091,581091,0.07300019264221191
1000,sieve_of_sundaram,-1,532824,533824,0.22700762748718262
10,naive_algorithm,-1,554289,554299,0.0
1000,sieve_of_eratosthenes,-1,594387,595387,0.07400083541870117
10000,sieve_of_eratosthenes,-1,388681,398681,0.04899740219116211
10000,sieve_of_sundaram,-1,893957,903957,0.40499329566955566
1000,naive_algorithm,-1,379543,380543,0.003999948501586914
10000,sieve_of_sundaram,-1,45170,55170,0.0189974308013916
100,naive_algorithm,-1,235059,235159,0.0009999275207519531
10000,naive_algorithm,-1,123430,133430,0.026005268096923828
100,naive_algorithm,-1,390154,390254,0.0
10,sieve_of_eratosthenes,-1,930274,930284,0.12099766731262207
100,naive_algorithm,-1,112707,112807,0.0
1000,naive_algorithm,-1,410014,411014,0.003997325897216797
1000,naive_algorithm,-1,417649,418649,0.004000186920166016
10000,sieve_of_sundaram,-1,24666,34666,0.01296544075012207
100,sieve_of_eratosthenes,-1,901330,901430,0.12103581428527832
10,sieve_of_eratosthenes,-1,249024,249034,0.030024290084838867
10000,sieve_of_eratosthenes,-1,898679,908679,0.11900949478149414
10,sieve_of_sundaram,-1,452351,452361,0.1869947910308838
10,sieve_of_sundaram,-1,567698,567708,0.24601101875305176
10,sieve_of_sundaram,-1,748029,748039,0.33399367332458496
10000,sieve_of_sundaram,-1,20628,30628,0.010000228881835938
10,naive_algorithm,-1,935937,935947,0.0
1000,sieve_of_eratosthenes,-1,296091,297091,0.03699135780334473
100,sieve_of_sundaram,-1,794635,794735,0.35097694396972656
10000,sieve_of_sundaram,-1,988897,998897,0.4540443420410156
10000,naive_algorithm,-1,951572,961572,0.055985450744628906
10,sieve_of_sundaram,-1,718070,718080,0.31096696853637695
100,sieve_of_eratosthenes,-1,275199,275299,0.033031463623046875
10000,naive_algorithm,-1,889584,899584,0.05600118637084961
10000,naive_algorithm,-1,272979,282979,0.033998966217041016
100,sieve_of_sundaram,-1,105791,105891,0.03800010681152344
1000,sieve_of_eratosthenes,-1,385259,386259,0.046000003814697266
10000,sieve_of_sundaram,-1,603949,613949,0.27800774574279785
100,sieve_of_eratosthenes,-1,955676,955776,0.12399959564208984
10,sieve_of_eratosthenes,-1,570467,570477,0.07100224494934082
10000,sieve_of_sundaram,-1,997228,1007228,0.4549894332885742
100,sieve_of_sundaram,-1,24362,24462,0.008001089096069336
100,sieve_of_sundaram,-1,641575,641675,0.2789590358734131
10,sieve_of_eratosthenes,-1,611896,611906,0.07703399658203125
100,sieve_of_sundaram,-1,328836,328936,0.1319599151611328
1000,sieve_of_eratosthenes,-1,184905,185905,0.025027751922607422
100,naive_algorithm,-1,588343,588443,0.0
1000,sieve_of_sundaram,-1,318355,319355,0.13001275062561035
10,sieve_of_sundaram,-1,328861,328871,0.13698744773864746
100,naive_algorithm,-1,718667,718767,0.0010232925415039062
10000,sieve_of_sundaram,-1,315217,325217,0.13199281692504883
100,naive_algorithm,-1,370173,370273,0.0009899139404296875
10000,sieve_of_eratosthenes,-1,108742,118742,0.013006925582885742
10000,naive_algorithm,-1,556428,566428,0.046976566314697266
10000,sieve_of_eratosthenes,-1,915455,925455,0.12399744987487793
10000,sieve_of_sundaram,-1,217544,227544,0.09203624725341797
10,sieve_of_eratosthenes,-1,165764,165774,0.01900029182434082
100,naive_algorithm,-1,980621,980721,0.001016378402709961
10,sieve_of_sundaram,-1,390337,390347,0.16398882865905762
1000,sieve_of_sundaram,-1,648261,649261,0.2889890670776367
10,sieve_of_eratosthenes,-1,339221,339231,0.04201173782348633
10,naive_algorithm,-1,444712,444722,0.0
10000,naive_algorithm,-1,252688,262688,0.03299760818481445
10000,naive_algorithm,-1,541934,551934,0.04700350761413574
10000,sieve_of_eratosthenes,-1,799790,809790,0.10100674629211426
10,naive_algorithm,-1,118357,118367,0.0
1000,naive_algorithm,-1,270629,271629,0.0029938220977783203
10000,sieve_of_sundaram,-1,122001,132001,0.05200386047363281
10,sieve_of_eratosthenes,-1,703115,703125,0.09000039100646973
1000,naive_algorithm,-1,7706,8706,0.0009624958038330078
10,sieve_of_eratosthenes,-1,813414,813424,0.10199975967407227
100,sieve_of_eratosthenes,-1,4043,4143,0.0
10,naive_algorithm,-1,535283,535293,0.0
1000,sieve_of_eratosthenes,-1,964353,965353,0.12599945068359375
10,naive_algorithm,-1,8815,8825,0.0
1000,sieve_of_eratosthenes,-1,747198,748198,0.09204292297363281
100,sieve_of_sundaram,-1,973517,973617,0.44300031661987305
10000,sieve_of_sundaram,-1,498578,508578,0.21200156211853027
1000,sieve_of_sundaram,-1,749312,750312,0.3269631862640381
1000,sieve_of_eratosthenes,-1,302242,303242,0.03703474998474121
1000,sieve_of_eratosthenes,-1,969410,970410,0.12800955772399902
100,sieve_of_sundaram,-1,345547,345647,0.14299392700195312
1000,naive_algorithm,-1,778922,779922,0.004997968673706055
10000,sieve_of_eratosthenes,-1,763699,773699,0.09999728202819824
1000,sieve_of_sundaram,-1,458303,459303,0.1900019645690918
10000,naive_algorithm,-1,985228,995228,0.06099414825439453
10,sieve_of_sundaram,-1,898314,898324,0.40000343322753906
10,sieve_of_eratosthenes,-1,107540,107550,0.012001991271972656
1000,sieve_of_sundaram,-1,134809,135809,0.05199790000915527
1000,sieve_of_sundaram,-1,604122,605122,0.2660045623779297
1000,sieve_of_eratosthenes,-1,515543,516543,0.06299543380737305
100,sieve_of_sundaram,-1,452864,452964,0.19099807739257812
10,naive_algorithm,-1,217741,217751,0.0
1000,sieve_of_eratosthenes,-1,914925,915925,0.12001442909240723
10000,naive_algorithm,-1,996605,1006605,0.05899238586425781
100,naive_algorithm,-1,64525,64625,0.0
10000,sieve_of_sundaram,-1,174266,184266,0.07000255584716797
10,sieve_of_sundaram,-1,606857,606867,0.26399946212768555
10,sieve_of_eratosthenes,-1,298637,298647,0.03699922561645508
10,sieve_of_sundaram,-1,479948,479958,0.2019956111907959
1000,sieve_of_sundaram,-1,589319,590319,0.24900007247924805
10,sieve_of_eratosthenes,-1,191515,191525,0.02200031280517578
100,naive_algorithm,-1,904095,904195,0.00099945068359375
10,sieve_of_sundaram,-1,605731,605741,0.26400279998779297
1000,sieve_of_sundaram,-1,484732,485732,0.20699834823608398
10,naive_algorithm,-1,972480,972490,0.0
1000,naive_algorithm,-1,776428,777428,0.005002021789550781
1000,sieve_of_eratosthenes,-1,678461,679461,0.08800244331359863
10000,sieve_of_eratosthenes,-1,110970,120970,0.01303720474243164
10,sieve_of_sundaram,-1,952962,952972,0.42696309089660645
10000,naive_algorithm,-1,870705,880705,0.05503225326538086
100,sieve_of_eratosthenes,-1,450859,450959,0.05396771430969238
10,naive_algorithm,-1,413391,413401,0.0
10,sieve_of_sundaram,-1,909531,909541,0.4019968509674072
100,sieve_of_eratosthenes,-1,860886,860986,0.11003422737121582
10,sieve_of_eratosthenes,-1,709785,709795,0.09300422668457031
10000,sieve_of_eratosthenes,-1,960987,970987,0.13299965858459473
10,sieve_of_sundaram,-1,289092,289102,0.11700248718261719
100,sieve_of_sundaram,-1,205006,205106,0.08099961280822754
10,sieve_of_eratosthenes,-1,847306,847316,0.1199960708618164
1000,sieve_of_eratosthenes,-1,217980,218980,0.02599167823791504
10,sieve_of_sundaram,-1,932308,932318,0.41901254653930664
1000,sieve_of_sundaram,-1,221248,222248,0.08798742294311523
10000,naive_algorithm,-1,839258,849258,0.052008628845214844
10,sieve_of_eratosthenes,-1,295130,295140,0.03399944305419922
10000,sieve_of_sundaram,-1,681196,691196,0.30896615982055664
100,sieve_of_sundaram,-1,664367,664467,0.28603553771972656
100,sieve_of_eratosthenes,-1,337692,337792,0.04099726676940918
10000,naive_algorithm,-1,263283,273283,0.035002708435058594
100,naive_algorithm,-1,331656,331756,0.0
100,naive_algorithm,-1,10699,10799,0.0009980201721191406
100,sieve_of_sundaram,-1,751141,751241,0.3310060501098633
10,naive_algorithm,-1,743132,743142,0.0
100,naive_algorithm,-1,136566,136666,0.0009937286376953125
100,sieve_of_sundaram,-1,113857,113957,0.04199361801147461
10,sieve_of_sundaram,-1,215675,215685,0.08497405052185059
100,sieve_of_eratosthenes,-1,588831,588931,0.07103729248046875
10,sieve_of_sundaram,-1,815962,815972,0.3580024242401123
10000,sieve_of_eratosthenes,-1,292632,302632,0.036986351013183594
10000,naive_algorithm,-1,912433,922433,0.05600595474243164
10000,sieve_of_eratosthenes,-1,506422,516422,0.06400632858276367
100,naive_algorithm,-1,92549,92649,0.0
1000,naive_algorithm,-1,823711,824711,0.005997896194458008
1000,sieve_of_eratosthenes,-1,257551,258551,0.032002925872802734
10000,naive_algorithm,-1,548013,558013,0.04600071907043457
100,naive_algorithm,-1,743629,743729,0.0
100,naive_algorithm,-1,817605,817705,0.0
10000,naive_algorithm,-1,115194,125194,0.023991107940673828
10000,sieve_of_eratosthenes,-1,96467,106467,0.012011289596557617
1000,sieve_of_eratosthenes,-1,179478,180478,0.020992040634155273
10,sieve_of_eratosthenes,-1,986815,986825,0.13900184631347656
1000,sieve_of_sundaram,-1,83648,84648,0.030007600784301758
1000,sieve_of_eratosthenes,-1,273022,274022,0.03299355506896973
1000,sieve_of_eratosthenes,-1,293945,294945,0.036000967025756836
10000,sieve_of_eratosthenes,-1,124547,134547,0.01499795913696289
10,sieve_of_eratosthenes,-1,767874,767884,0.10800671577453613
10,sieve_of_eratosthenes,-1,432222,432232,0.05500221252441406
10000,sieve_of_eratosthenes,-1,480085,490085,0.061007022857666016
10000,naive_algorithm,-1,326973,336973,0.03896164894104004
1000,sieve_of_eratosthenes,-1,137966,138966,0.016032934188842773
10,naive_algorithm,-1,29615,29625,0.0
10000,sieve_of_sundaram,-1,913306,923306,0.4249687194824219
10000,sieve_of_eratosthenes,-1,102893,112893,0.013034582138061523
10,sieve_of_sundaram,-1,270732,270742,0.10799932479858398
10,sieve_of_eratosthenes,-1,969434,969444,0.12399721145629883
100,sieve_of_eratosthenes,-1,271859,271959,0.03400063514709473
10,naive_algorithm,-1,637886,637896,0.0
100,naive_algorithm,-1,370823,370923,0.0009665489196777344
10000,sieve_of_sundaram,-1,458792,468792,0.19803357124328613
10,sieve_of_eratosthenes,-1,927894,927904,0.1250002384185791
10000,naive_algorithm,-1,906972,916972,0.05499386787414551
100,sieve_of_sundaram,-1,358207,358307,0.1489715576171875
10000,sieve_of_sundaram,-1,63202,73202,0.027033567428588867
100,naive_algorithm,-1,579529,579629,0.0
10000,sieve_of_eratosthenes,-1,734442,744442,0.09196615219116211
1000,naive_algorithm,-1,275162,276162,0.002999544143676758
1000,sieve_of_sundaram,-1,475582,476582,0.2040410041809082
10,naive_algorithm,-1,388944,388954,0.0
1000,sieve_of_eratosthenes,-1,806035,807035,0.1109933853149414
1000,naive_algorithm,-1,646172,647172,0.0039997100830078125
1000,sieve_of_eratosthenes,-1,856363,857363,0.11200070381164551
10,sieve_of_sundaram,-1,54320,54330,0.01899862289428711
1000,sieve_of_sundaram,-1,494233,495233,0.21500229835510254
100,sieve_of_sundaram,-1,883123,883223,0.40796685218811035
1000,naive_algorithm,-1,734720,735720,0.004999637603759766
1000,sieve_of_sundaram,-1,548633,549633,0.24508404731750488
10000,sieve_of_eratosthenes,-1,568157,578157,0.07503151893615723
100,naive_algorithm,-1,393381,393481,0.0
10000,naive_algorithm,-1,337806,347806,0.03696489334106445
10,sieve_of_eratosthenes,-1,195890,195900,0.02300095558166504
10000,sieve_of_sundaram,-1,120195,130195,0.04703116416931152
1000,naive_algorithm,-1,384024,385024,0.004000425338745117
1000,sieve_of_eratosthenes,-1,7957,8957,0.0009675025939941406
100,sieve_of_eratosthenes,-1,581867,581967,0.07700133323669434
1000,sieve_of_eratosthenes,-1,205375,206375,0.02500009536743164
10000,sieve_of_sundaram,-1,264562,274562,0.1100316047668457
10,sieve_of_eratosthenes,-1,844952,844962,0.10896897315979004
10000,sieve_of_sundaram,-1,129677,139677,0.05502772331237793
100,sieve_of_eratosthenes,-1,279761,279861,0.03297114372253418
1000,sieve_of_eratosthenes,-1,944819,945819,0.12099885940551758
100,sieve_of_eratosthenes,-1,251462,251562,0.02999711036682129
100,naive_algorithm,-1,670700,670800,0.0
100,naive_algorithm,-1,373454,373554,0.0009999275207519531
1000,sieve_of_eratosthenes,-1,714718,715718,0.09301638603210449
100,sieve_of_sundaram,-1,53287,53387,0.017984390258789062
10,sieve_of_eratosthenes,-1,411002,411012,0.05200076103210449
1000,naive_algorithm,-1,343478,344478,0.003999233245849609
100,sieve_of_eratosthenes,-1,822768,822868,0.10500097274780273
1000,naive_algorithm,-1,236634,237634,0.003000020980834961
10000,sieve_of_eratosthenes,-1,318558,328558,0.0409998893737793
100,sieve_of_eratosthenes,-1,668419,668519,0.08699893951416016
1000,sieve_of_eratosthenes,-1,948733,949733,0.12200069427490234
100,sieve_of_eratosthenes,-1,684197,684297,0.0859992504119873
100,naive_algorithm,-1,354233,354333,0.0
10000,sieve_of_sundaram,-1,151572,161572,0.058031320571899414
1000,sieve_of_sundaram,-1,77611,78611,0.028005599975585938
1000,sieve_of_eratosthenes,-1,653864,654864,0.08496284484863281
100,sieve_of_sundaram,-1,794249,794349,0.3529973030090332
100,sieve_of_eratosthenes,-1,667261,667361,0.08400273323059082
10000,naive_algorithm,-1,69479,79479,0.02099919319152832
10,sieve_of_sundaram,-1,131892,131902,0.05000019073486328
10,sieve_of_sundaram,-1,924934,924944,0.4179987907409668
10000,sieve_of_sundaram,-1,169756,179756,0.06903409957885742
10000,sieve_of_sundaram,-1,688435,698435,0.31596827507019043
1000,sieve_of_sundaram,-1,511278,512278,0.22099828720092773
10000,sieve_of_sundaram,-1,476219,486219,0.20600080490112305
10,sieve_of_eratosthenes,-1,28559,28569,0.003000020980834961
1000,naive_algorithm,-1,270864,271864,0.0029990673065185547
10000,naive_algorithm,-1,230928,240928,0.03003215789794922
10000,sieve_of_sundaram,-1,222370,232370,0.08694338798522949
1000,naive_algorithm,-1,379604,380604,0.003999948501586914
10,sieve_of_eratosthenes,-1,147335,147345,0.017003536224365234
100,sieve_of_sundaram,-1,873547,873647,0.3919978141784668
10,sieve_of_sundaram,-1,658146,658156,0.27899765968322754
1000,naive_algorithm,-1,7184,8184,0.0019991397857666016
100,sieve_of_sundaram,-1,652113,652213,0.29199957847595215
10000,sieve_of_eratosthenes,-1,670174,680174,0.08999943733215332
10000,naive_algorithm,-1,587121,597121,0.04703259468078613
100,sieve_of_sundaram,-1,155953,156053,0.05800008773803711
10000,naive_algorithm,-1,183175,193175,0.0299685001373291
1000,sieve_of_sundaram,-1,923212,924212,0.424999475479126
100,sieve_of_sundaram,-1,354194,354294,0.14803194999694824
10,naive_algorithm,-1,980099,980109,0.0
100,sieve_of_sundaram,-1,534502,534602,0.2350010871887207
1000,sieve_of_eratosthenes,-1,534436,535436,0.06596660614013672
10,sieve_of_sundaram,-1,922671,922681,0.4219992160797119
100,sieve_of_eratosthenes,-1,969414,969514,0.12903428077697754
10,sieve_of_eratosthenes,-1,996255,996265,0.14096641540527344
10000,naive_algorithm,-1,489009,499009,0.0429987907409668
10,naive_algorithm,-1,898412,898422,0.0
10,naive_algorithm,-1,295619,295629,0.0
10000,sieve_of_eratosthenes,-1,638307,648307,0.08100175857543945
10,sieve_of_sundaram,-1,526029,526039,0.2239985466003418
1000,sieve_of_sundaram,-1,843902,844902,0.3730003833770752
1000,naive_algorithm,-1,65168,66168,0.0019981861114501953
10,sieve_of_sundaram,-1,52624,52634,0.018000125885009766
1000,naive_algorithm,-1,257783,258783,0.0029981136322021484
1000,sieve_of_eratosthenes,-1,913454,914454,0.11403369903564453
1000,sieve_of_sundaram,-1,908901,909901,0.4069652557373047
10000,sieve_of_eratosthenes,-1,364299,374299,0.04700207710266113
1000,sieve_of_eratosthenes,-1,152851,153851,0.01799917221069336
10,sieve_of_eratosthenes,-1,719418,719428,0.09200143814086914
1000,sieve_of_sundaram,-1,579549,580549,0.24403119087219238
100,naive_algorithm,-1,724565,724665,0.0010013580322265625
10000,sieve_of_sundaram,-1,595889,605889,0.2579660415649414
1000,naive_algorithm,-1,297868,298868,0.0040051937103271484
10,sieve_of_eratosthenes,-1,313851,313861,0.04002833366394043
100,sieve_of_sundaram,-1,486829,486929,0.20896625518798828
10,sieve_of_eratosthenes,-1,661003,661013,0.09000086784362793
100,naive_algorithm,-1,135948,136048,0.0
10000,naive_algorithm,-1,217712,227712,0.03299880027770996
10,naive_algorithm,-1,49855,49865,0.0
10000,sieve_of_eratosthenes,-1,856624,866624,0.11600112915039062
10000,sieve_of_sundaram,-1,676269,686269,0.3059976100921631
100,sieve_of_sundaram,-1,610881,610981,0.26400017738342285
10000,sieve_of_sundaram,-1,379027,389027,0.16199922561645508
100,sieve_of_sundaram,-1,731082,731182,0.32604193687438965
1000,sieve_of_eratosthenes,-1,762509,763509,0.09496092796325684
100,naive_algorithm,-1,7631,7731,0.0
10000,naive_algorithm,-1,181051,191051,0.03203248977661133
100,sieve_of_sundaram,-1,938631,938731,0.430966854095459
10,sieve_of_sundaram,-1,838174,838184,0.36899781227111816
100,sieve_of_eratosthenes,-1,604447,604547,0.07700228691101074
10,sieve_of_sundaram,-1,867399,867409,0.3829975128173828
10000,sieve_of_sundaram,-1,509513,519513,0.22300219535827637
10,sieve_of_sundaram,-1,60845,60855,0.02103137969970703
1000,sieve_of_sundaram,-1,504042,505042,0.21596860885620117
10000,sieve_of_sundaram,-1,731404,741404,0.33503246307373047
1000,sieve_of_sundaram,-1,870436,871436,0.39496564865112305
10000,naive_algorithm,-1,554103,564103,0.04700064659118652
10,sieve_of_eratosthenes,-1,105319,105329,0.012000560760498047
10,naive_algorithm,-1,475506,475516,0.0
10,sieve_of_sundaram,-1,78819,78829,0.031001806259155273
10000,naive_algorithm,-1,666003,676003,0.05099844932556152
1000,sieve_of_eratosthenes,-1,2289,3289,0.0010018348693847656
100,naive_algorithm,-1,483190,483290,0.0
1000,sieve_of_sundaram,-1,316835,317835,0.1300339698791504
10,naive_algorithm,-1,340751,340761,0.0
10,naive_algorithm,-1,782321,782331,0.0
100,sieve_of_eratosthenes,-1,272499,272599,0.03599214553833008
10000,sieve_of_eratosthenes,-1,160565,170565,0.021000146865844727
10000,naive_algorithm,-1,539625,549625,0.046999454498291016
100,sieve_of_sundaram,-1,431842,431942,0.17905092239379883
10,naive_algorithm,-1,581583,581593,0.0
100,sieve_of_eratosthenes,-1,445013,445113,0.05594944953918457
100,sieve_of_eratosthenes,-1,589946,590046,0.07303094863891602
1000,naive_algorithm,-1,163529,164529,0.0030074119567871094
1000,naive_algorithm,-1,363655,364655,0.003993034362792969
10000,sieve_of_eratosthenes,-1,936260,946260,0.12699604034423828
100,sieve_of_sundaram,-1,86135,86235,0.031970977783203125
1000,naive_algorithm,-1,227733,228733,0.003999948501586914
10,sieve_of_sundaram,-1,976057,976067,0.4460008144378662
100,sieve_of_eratosthenes,-1,936486,936586,0.12600064277648926
10000,sieve_of_sundaram,-1,292696,302696,0.127000093460083
100,sieve_of_sundaram,-1,471738,471838,0.1979999542236328
100,naive_algorithm,-1,537749,537849,0.0
10,sieve_of_eratosthenes,-1,730494,730504,0.08999967575073242
10,naive_algorithm,-1,503686,503696,0.0
1000,sieve_of_eratosthenes,-1,846524,847524,0.10599923133850098
10000,sieve_of_eratosthenes,-1,388203,398203,0.04699993133544922
100,sieve_of_eratosthenes,-1,349278,349378,0.044000864028930664
10,sieve_of_eratosthenes,-1,503073,503083,0.06699776649475098
10,sieve_of_sundaram,-1,489253,489263,0.2100048065185547
1000,sieve_of_sundaram,-1,181110,182110,0.07299566268920898
10,sieve_of_sundaram,-1,701619,701629,0.30503392219543457
10,sieve_of_eratosthenes,-1,182333,182343,0.021996259689331055
1000,sieve_of_eratosthenes,-1,907463,908463,0.11796927452087402
10000,sieve_of_sundaram,-1,431260,441260,0.18899893760681152
100,sieve_of_sundaram,-1,692627,692727,0.2989993095397949
10,sieve_of_sundaram,-1,838484,838494,0.3710324764251709
10000,sieve_of_sundaram,-1,426451,436451,0.17896699905395508
100,sieve_of_eratosthenes,-1,450462,450562,0.053999900817871094
10000,naive_algorithm,-1,444306,454306,0.04199814796447754
100,naive_algorithm,-1,267811,267911,0.0
100,naive_algorithm,-1,336020,336120,0.001001596450805664
100,naive_algorithm,-1,622091,622191,0.0
10000,sieve_of_sundaram,-1,458950,468950,0.19699668884277344
100,sieve_of_sundaram,-1,989501,989601,0.44204115867614746
10000,sieve_of_eratosthenes,-1,813364,823364,0.10196065902709961
100,sieve_of_sundaram,-1,448856,448956,0.18999886512756348
1000,sieve_of_eratosthenes,-1,670347,671347,0.08499956130981445
10,sieve_of_eratosthenes,-1,855846,855856,0.11500191688537598
10000,sieve_of_eratosthenes,-1,466457,476457,0.061998605728149414
10,sieve_of_eratosthenes,-1,532420,532430,0.06600642204284668
10000,sieve_of_sundaram,-1,244392,254392,0.10399293899536133
10000,sieve_of_sundaram,-1,519544,529544,0.22300100326538086
1000,sieve_of_sundaram,-1,379000,380000,0.1569995880126953
1000,naive_algorithm,-1,816644,817644,0.004998683929443359
10,naive_algorithm,-1,959470,959480,0.0
10,sieve_of_sundaram,-1,347691,347701,0.1400001049041748
10000,naive_algorithm,-1,597494,607494,0.04703378677368164
10000,naive_algorithm,-1,62935,72935,0.0209653377532959
1000,sieve_of_eratosthenes,-1,810403,811403,0.10636162757873535
10000,sieve_of_sundaram,-1,894132,904132,0.40700602531433105
10000,naive_algorithm,-1,799754,809754,0.0540006160736084
1000,sieve_of_sundaram,-1,795185,796185,0.3502640724182129
10,sieve_of_sundaram,-1,96753,96763,0.03599977493286133
1000,sieve_of_eratosthenes,-1,867006,868006,0.1120004653930664
10000,sieve_of_sundaram,-1,542872,552872,0.2350020408630371
10,sieve_of_sundaram,-1,53213,53223,0.01899862289428711
10,naive_algorithm,-1,442137,442147,0.0
10,sieve_of_sundaram,-1,335829,335839,0.1370387077331543
100,sieve_of_sundaram,-1,578671,578771,0.2510058879852295
10,naive_algorithm,-1,209130,209140,0.0010027885437011719
10,sieve_of_sundaram,-1,751783,751793,0.32695627212524414
1000,sieve_of_eratosthenes,-1,495408,496408,0.06199979782104492
10,naive_algorithm,-1,127583,127593,0.0
100,sieve_of_eratosthenes,-1,751421,751521,0.09300017356872559
10000,naive_algorithm,-1,193850,203850,0.0279996395111084
100,naive_algorithm,-1,412115,412215,0.0010006427764892578
10,sieve_of_eratosthenes,-1,15349,15359,0.0020020008087158203
10,sieve_of_eratosthenes,-1,267719,267729,0.0319974422454834
10,sieve_of_eratosthenes,-1,369999,370009,0.04700064659118652
10,sieve_of_sundaram,-1,213785,213795,0.08303380012512207
10000,naive_algorithm,-1,846935,856935,0.05599188804626465
1000,naive_algorithm,-1,743035,744035,0.004004240036010742
10,sieve_of_sundaram,-1,915034,915044,0.40496301651000977
10000,sieve_of_eratosthenes,-1,706620,716620,0.09299826622009277
1000,sieve_of_eratosthenes,-1,836618,837618,0.10399961471557617
100,sieve_of_sundaram,-1,159690,159790,0.06099963188171387
100,sieve_of_sundaram,-1,323865,323965,0.13500094413757324
10,sieve_of_sundaram,-1,280749,280759,0.11203622817993164
1000,naive_algorithm,-1,577125,578125,0.003997325897216797
100,naive_algorithm,-1,640028,640128,0.00099945068359375
10000,naive_algorithm,-1,999145,1009145,0.05896568298339844
10,sieve_of_eratosthenes,-1,653529,653539,0.0840003490447998
1000,naive_algorithm,-1,452,1452,0.0010001659393310547
1000,sieve_of_sundaram,-1,88829,89829,0.03199887275695801
10,naive_algorithm,-1,635290,635300,0.0
1000,naive_algorithm,-1,388516,389516,0.003999948501586914
100,sieve_of_sundaram,-1,722058,722158,0.32103466987609863
1000,sieve_of_sundaram,-1,210643,211643,0.08096432685852051
100,sieve_of_sundaram,-1,231858,231958,0.09200048446655273
10,sieve_of_sundaram,-1,178918,178928,0.07000017166137695
10,sieve_of_eratosthenes,-1,511417,511427,0.0670015811920166
1000,sieve_of_eratosthenes,-1,838270,839270,0.1100001335144043
100,sieve_of_eratosthenes,-1,468595,468695,0.059000253677368164
100,sieve_of_eratosthenes,-1,843155,843255,0.10800004005432129
1000,naive_algorithm,-1,500687,501687,0.004998922348022461
10000,sieve_of_sundaram,-1,463619,473619,0.20300054550170898
10,sieve_of_eratosthenes,-1,325545,325555,0.040999650955200195
10000,sieve_of_sundaram,-1,391934,401934,0.1720428466796875
100,naive_algorithm,-1,501529,501629,0.0
100,sieve_of_sundaram,-1,386126,386226,0.15999150276184082
1000,naive_algorithm,-1,350084,351084,0.004000425338745117
1000,sieve_of_sundaram,-1,446557,447557,0.18796539306640625
10000,sieve_of_sundaram,-1,671154,681154,0.29500246047973633
10000,sieve_of_sundaram,-1,743163,753163,0.33699750900268555
1000,naive_algorithm,-1,422084,423084,0.003998994827270508
10,sieve_of_eratosthenes,-1,483005,483015,0.05800032615661621
1000,naive_algorithm,-1,183672,184672,0.0019991397857666016
100,sieve_of_sundaram,-1,3806,3906,0.0010008811950683594
100,naive_algorithm,-1,387154,387254,0.0009999275207519531
100,sieve_of_sundaram,-1,488239,488339,0.20299959182739258
100,sieve_of_eratosthenes,-1,566428,566528,0.07299995422363281
100,naive_algorithm,-1,529106,529206,0.0010006427764892578
10,sieve_of_eratosthenes,-1,575639,575649,0.0700368881225586
1000,sieve_of_sundaram,-1,389341,390341,0.16196584701538086
100,sieve_of_eratosthenes,-1,981162,981262,0.12599778175354004
10,sieve_of_eratosthenes,-1,426300,426310,0.05399966239929199
1000,sieve_of_eratosthenes,-1,951889,952889,0.12299919128417969
10,naive_algorithm,-1,239996,240006,0.0
1000,sieve_of_eratosthenes,-1,627295,628295,0.08100032806396484
10000,sieve_of_eratosthenes,-1,407845,417845,0.050034284591674805
10000,sieve_of_eratosthenes,-1,466982,476982,0.05696582794189453
10,naive_algorithm,-1,618916,618926,0.0
10000,sieve_of_eratosthenes,-1,898059,908059,0.11701464653015137
1000,naive_algorithm,-1,939797,940797,0.00499272346496582
10,sieve_of_eratosthenes,-1,326284,326294,0.03900027275085449
100,sieve_of_sundaram,-1,814008,814108,0.3690018653869629
10000,naive_algorithm,-1,963675,973675,0.05703568458557129
100,naive_algorithm,-1,324444,324544,0.0
100,naive_algorithm,-1,770053,770153,0.0009958744049072266
1000,naive_algorithm,-1,334761,335761,0.0030045509338378906
10000,sieve_of_eratosthenes,-1,118052,128052,0.014998435974121094
10,sieve_of_sundaram,-1,373079,373089,0.15496349334716797
100,naive_algorithm,-1,76762,76862,0.0
100,sieve_of_sundaram,-1,479565,479665,0.20299959182739258
10000,sieve_of_sundaram,-1,584024,594024,0.2530336380004883
10,sieve_of_eratosthenes,-1,550089,550099,0.06996536254882812
10,naive_algorithm,-1,439654,439664,0.0
10,sieve_of_sundaram,-1,393341,393351,0.16899967193603516
1000,naive_algorithm,-1,171823,172823,0.0029997825622558594
1000,sieve_of_sundaram,-1,579762,580762,0.25800013542175293
10,naive_algorithm,-1,508888,508898,0.0
1000,sieve_of_eratosthenes,-1,290776,291776,0.035999298095703125
100,naive_algorithm,-1,281758,281858,0.0
10000,naive_algorithm,-1,438847,448847,0.0429995059967041
10000,sieve_of_eratosthenes,-1,610182,620182,0.08100223541259766
1000,sieve_of_eratosthenes,-1,128122,129122,0.014999628067016602
1000,sieve_of_eratosthenes,-1,347046,348046,0.04200148582458496
100,sieve_of_eratosthenes,-1,163848,163948,0.018998384475708008
10,sieve_of_sundaram,-1,868989,868999,0.38900256156921387
10,sieve_of_eratosthenes,-1,139026,139036,0.016000032424926758
